https://www.amazon.com/Thermoplastic-Efficiency-Connector-Monitoring-Equipment/dp/B08ZNVQGJK/ref=sr_1_9284?_encoding=UTF8&c=ts&dchild=1&keywords=Computer+Network+Adapters&qid=1624455106&s=pc&sr=1-9284&ts_id=490499011,Networking,"RJ45 Adapter, Thermoplastic PC High Efficiency Ethernet Connector, Widely Used Black Brass Closed Circuit Monitoring System for LED Display Equipment",https://m.media-amazon.com/images/I/51e4+UhWhAL._AC_UY1500_.jpg, Wosune," Through the shell, you can conversion the adapter to dustproof and waterproof simply, can be used in adverse environment.
The adapter do not need welding, save wiring time, improve work efficiency.
V-0 flame-retardant level,IP67 protection level,long service life and wide applicable ambient temperature.
Widely used in LED display equipment, closed circuit monitoring system, factory automation control, equipment and so on.
RJ45 Ethernet cable waterproof connector is suitable for standard 5 class, super 5 class,6 class cable.
›
See more product details","
Feature:

Spec:
Item Type:RJ45 AdapterPlugging Method: Threaded ConnectionHousing: Thermoplastic PC, Flame Retardant Grade V-0Protection Level: IP67Wire Diameter Range: I: 5-6mm (Not Marked), II: 6-7mmNumber of Plugs: 500Temperature Range: -40°C~+85°CModel: RJ45-8PType : Plug / SocketNumber of Poles: 8 PolesColour: BlackApplications: AviationInterface Type : RJ45Shape: RoundLine Length: 0 (mm)Production Process: Injection MoldingFeatures: Fire Retardant / Flame RetardantContact Material: BrassInsulator Material : PANumber of Cores: 8 CoresNumber of Stitches: 8 Pin


Package List:


"
https://www.amazon.com/Splitter-Waterproof-Adapter-Pressure-Mounting/dp/B08ZJ55HM6/ref=sr_1_9285?_encoding=UTF8&c=ts&dchild=1&keywords=Computer+Network+Adapters&qid=1624455106&s=pc&sr=1-9285&ts_id=490499011,Networking,"POE Splitter, Waterproof POE Adapter, POE Splitter Box, High Pressure 24‚Äë70V for Indoor Outdoor Monitor Joint Mounting",https://m.media-amazon.com/images/I/61ONKjLP5hL._AC_UY1500_.jpg, FILFEEL," ☞The PoE Adapter adopts a buckle opening and closing design, which is more convenient to install and use.
☞The POE is placed in the box, and the wire connector is also stored in the box, which is super waterproof.
☞This separator is used as a support POE repeater, and can be used as a high-power non-standard separator.
☞POE Splitter has a wide range of uses and is suitable for the installation of indoor and outdoor monitoring joints.
☞The Waterproof PoE Splitter looks neat and beautiful, and there are no excess cables exposed.
›
See more product details","
Specification:



Item Type: POE Splitter Material: ABS Color: White
Input Voltage: 24-70V
Output Voltage: 12V
Output Current: 2A





Package List:
1 x Splitter

"
https://www.amazon.com/Wireless-Adapter-Mobile-Hotspot-Support/dp/B08ZJ2TSCC/ref=sr_1_9286?_encoding=UTF8&c=ts&dchild=1&keywords=Computer+Network+Adapters&qid=1624455106&s=pc&sr=1-9286&ts_id=490499011,Networking,"USB Wireless WiFi Adapter, 4G WiFi Modem LTE Mobile Hotspot USB Dongle Mini Router Support SIM Card",https://m.media-amazon.com/images/I/51RDhfduQkL._AC_UY1500_.jpg, EBTOOLS," 【 SIM Card Router 】With this 4G dongle, you only need to insert a SIM card to use and share network hotspots, without connecting to broadband.
【High Speed】With a wireless connection speed of up to 150Mbps, you can enjoy web experiences such as web browsing, chatting or playing videos.
【Easy to Use】Enable WiFI and use a 4G hotspot router to connect to the Internet, no CD disk needed, plug and play. Can be connected to tablets, laptops, desktops and various types of WI‑FI devices.
【Portable】This product is a good choice for travel and work, small in size and easy to carry. Strict quality control and quality assurance, high safety factor, can be used with peace of mind.
【After Sales Service】If there are any using problems or unsatisfactory with our products, please feel free to contact us, our professional customer service team will consult the issues with sincerity. Thanks for purchasing from us.","
Specification:
Item Type: 4G LTE WIFI Dongle
Network Frequency Band: B1/3 Network Type: FDD-LTEWCDMA/DC-HSPA+ FDD-LTE: Up to 150Mbps downlink/50Mbps uplink TDD-LTE: Up to 61Mbps downlink/18Mbps uplink WCDMA: Up to 42Mbps downlink/ 5.76Mbps uplink System: For Windows XP/7/8/10/IOS/OS X/Android USIM/SIM Card: Standard 6 PIN SIM card interface Drive: No CD disk, plug and play Memory Card: Maximum support 32GB USB Port Power Supply: Standard high-speed USB 2.1 WIFI Standard: 802.11B/G/N, up to 150M
.a. Prepare A SIM Card, Open The Back Cover Of the dongle and insert the SIM card, close the back cover and insert the computer or other USB power supply interface, search MIFI SSID: 4G MIFI x x x x [UFI SSID: 4GUFI_ x x x x 】Click Connect, Enter The Default Password: 1234567890 and click OK. b.For Windows 7 Open Control Panel→Network and Internet→Network and Sharing Center→Connect to the network, and select the wifi point with the same SSID of this device to connect in the WIFI list. Enter the correct wifi password, click OK and wait for a while, when it shows connected to wifi, it means the connection is successful c.For Android phones Tap Settings, tap the Wi-Fi switch to turn on Wi-Fi. In the WIFI list, select the WIFI that is consistent with the device SSDI, enter the correct WIFI password and click connect.

Package List:
1 x WiFi Dongle
1 x User Manual

Note:

"
https://www.amazon.com/Waterproof-POE-Splitter-Extender-Accessory/dp/B08ZHP42J9/ref=sr_1_9287?_encoding=UTF8&c=ts&dchild=1&keywords=Computer+Network+Adapters&qid=1624455106&s=pc&sr=1-9287&ts_id=490499011,Networking,Waterproof POE Splitter - PoE Adapter - POE Extender Accessory - High Pressure 24‚Äë70V for Indoor Outdoor Monitor Joint Mounting,https://m.media-amazon.com/images/I/61ONKjLP5hL._AC_UY1500_.jpg, Dioche," ✔POE is placed in the box, and the wire connector is also stored in the box, which is super waterproof, economical and applicable.
✔Widely application, suitable for indoor and outdoor monitoring joint installation.
✔The buckle opening and closing design makes the installation and use more convenient, providing convenience for your life.
✔This separator is used as a supporting POE repeater, and can be used as a high-power non-standard separator.
✔The appearance is neat and beautiful, no extra cables are exposed outside, easy to use.
›
See more product details","
Specification:



Item Type: POE Splitter Material: ABS Color: White
Input Voltage: 24-70V
Output Voltage: 12V
Output Current: 2A





Package List:
1 x Splitter

"
https://www.amazon.com/Security-Repeater-Supply%EF%BC%8C8%E2%80%91Way-Protection-110%E2%80%91264V/dp/B08ZHBK9WG/ref=sr_1_9288?_encoding=UTF8&c=ts&dchild=1&keywords=Computer+Network+Adapters&qid=1624455106&s=pc&sr=1-9288&ts_id=490499011,Networking,Home Security POE Repeater Power SupplyÔºå8‚ÄëWay Adapter Block Brick Input with Cable Plug for High Safety Protection Plug and Play 110‚Äë264V (US 110-240V),https://m.media-amazon.com/images/I/51hzMBCppbS._AC_UY1500_.jpg, Dioche," ✅High-quality and stable utility: POE repeater power supply can be well used as a dedicated power supply for POE repeaters, thereby providing more reliable power.
✅High-quality materials provide safety protection: high-quality ABS materials with flame retardancy are used to provide ultra-high safety protection.
✅Stable work: 110V-264V power input, output voltage of 70V, no hum or noise during operation.
✅Excellent heat dissipation design: The carefully manufactured solid ensures uniform heat dissipation and stable performance.
✅Long service life and easy to use: This POE repeater has a cable plug, which is easy to use, compact in size and long in service life.
›
See more product details","
Specification: Item Type: POE Repeater Power Supply Material: ABS Input Voltage: 110-264V Output Voltage: 70V  Package List: 1 x Repeater Power Supply 1 x Plug


"
https://www.amazon.com/Fosa-Bluetooth-Dual-Band-Wireless-Laptop/dp/B079QHGN6Q/ref=sr_1_9289?_encoding=UTF8&c=ts&dchild=1&keywords=Computer+Network+Adapters&qid=1624455111&s=pc&sr=1-9289&ts_id=490499011,Networking,Fosa Bluetooth 4.0 + 2.4G/ 5G Dual-Band WIFI Wireless Mini NGFF/ M2 Card for Laptop,https://m.media-amazon.com/images/I/61fw78BoQ4L._AC_UY1500_.jpg,fosa," Professional Bluetooth 4.0 and Wireless WIFI 2 in 1 design.
Widely compatible for most laptops/ All-In-One Machine/ AD Player/ IPC that with NGFF/ M2 slot.
Up to 300 Mbps transmission rate ensures fast network speed and wide coverage.
2.4 GHz + 5 GHz dual-band wireless technology, support wireless protocol 802.11 A/ C, also compatible with 802.11A/ B/ G/ N.
High-quality circuit module board with mini body, efficiently avoid from corrosion and abrasion, durable and portable to use.","
Description:
This is a professional wireless networking adapter with great performance. Support Bluetooth 4.0 standard and 2.4G + 5G dual-band wireless technology, up to 300 Mbps transmission rate provides you an incredible experience in playing online games, and enjoying HD videos.

Features:

Specifications:
Bluetooth: V4.0
Compatibility: For most laptops/ All-In-One Machine/ AD Player/ IPC that with NGFF/ M2 slot.
Wireless Frequency: 2.4GHz/ 5GHz
Support Protocol: 802.11 A/ C (Also compatible with 802. 11A/ B/ G/ N.)
Transmission Rate: 300Mbps
Interface Type: NGFF/ M2
Package Size: Approx. 8 * 5 * 1cm/ 3.0 * 2.0 * 0.4in
Package Weight: 4g

Package List:
1 * Bluetooth WIFI 2 in 1 Card

"
https://www.amazon.com/Fosa-Wireless-Bluetooth-Dual-Band-Laptop/dp/B079QFNXG3/ref=sr_1_9290?_encoding=UTF8&c=ts&dchild=1&keywords=Computer+Network+Adapters&qid=1624455111&s=pc&sr=1-9290&ts_id=490499011,Networking,fosa Mini WiFi Wireless NGFF/ M2 Card Bluetooth 4.2 + 2.4G/ 5G Dual-Band for PC/Laptop,https://m.media-amazon.com/images/I/61nVrrKj-4L._AC_UY1500_.jpg,fosa," Professional Bluetooth 4.2 and Wireless WIFI 2 in 1 design.
Widely compatible for most laptops that with NGFF/ M2 slot and PC with M.2 mainboard.
Up to 867Mbps transmission rate ensures fast network speed and wide coverage.
2.4 GHz + 5 GHz dual-band wireless technology, support wireless protocol 802.11 A/ C.
High-quality circuit module board with mini body, efficiently avoid from corrosion and abrasion, durable and portable to use.","
Description:
This is a professional wireless networking adapter with great performance. Support Bluetooth 4.2 standard and 2.4G + 5G dual-band wireless technology, up to 867 Mbps transmission rate provides you an incredible experience in playing online games, and enjoying HD videos.

Features:
Professional Bluetooth 4.2 and Wireless WIFI 2 in 1 design. Widely compatible for most laptops that with NGFF/ M2 slot and PC with M.2 mainboard. Up to 867Mbps transmission rate ensures fast network speed and wide coverage. 2.4 GHz + 5 GHz dual-band wireless technology, support wireless protocol 802.11 A/ C. High-quality circuit module board with mini body, efficiently avoid from corrosion and abrasion, durable and portable to use.

Specifications:
Bluetooth: V4.2
Compatibility: For most laptops that with NGFF/ M2 slot and PC with M.2 mainboard.
Wireless Frequency: 2.4G/ 5G
Support Protocol: 802.11 A/ C
Transmission Rate: 867Mbps maximum.
Interface Type: NGFF/ M2
Applicable OS: for Windows 7/ 8.1/ 10
Package Size: Approx. 5 * 4 * 1cm/ 2.0 * 1.6 * 0.4in
Package Weight: 3g

Package List:
1 * Bluetooth WIFI 2 in 1 Card

"
https://www.amazon.com/WIFI-Wireless-Bluetooth-Dual-Band-Laptop/dp/B078YCTJ8K/ref=sr_1_9293?_encoding=UTF8&c=ts&dchild=1&keywords=Computer+Network+Adapters&qid=1624455111&s=pc&sr=1-9293&ts_id=490499011,Networking,"WiFi Card, Mini Wireless Bluetooth NGFF/ M2 Card Bluetooth 4.2 + 2.4G/ 5G Dual-Band for PC/ Laptop",https://m.media-amazon.com/images/I/71rkG-J8mUL._AC_UY1500_.jpg,Yosoo," This is a professional wireless networking adapter with great performance and Wireless WIFI 2 in 1 design
Widely compatible for most laptops that with NGFF/ M2 slot and PC with M.2 mainboard.2.4 GHz + 5 GHz dual-band wireless technology, support wireless protocol 802.11 A/ C
High-quality circuit module board with mini body, efficiently avoid from corrosion and abrasion, durable and portable to use
Support Bluetooth 4.2 standard and 2.4G + 5G dual-band wireless technology, up to 867 Mbps transmission rate to ensures fast network speed and wide coverage and provides you an incredible experience in playing online games, and enjoying HD videos
Yosoo brand aim at ""to maximize the satisfaction of customers"" as its operation commitment.We provide a 6 months warranty for this WIFI Card.If you have any quality problem. We aim at ""the best can be better"" as operation tenet. Your satisfaction is our happiness","
Specifications: Bluetooth: V4.2 Compatibility: For most laptops that with NGFF/ M2 slot and PC with M.2 mainboard. Wireless Frequency: 2.4G/ 5G Support Protocol: 802.11 A/ C Transmission Rate: 867Mbps Max. Interface Type: NGFF/ M2 Applicable OS: Windows 7/ 8.1/ 10 Package Size: Approx. 5 * 4 * 1cm/ 2.0 * 1.6 * 0.4in Package Weight: 3g   Package List: 1 * Bluetooth WIFI 2 in 1 Card  Note: ● Item color displayed in photos may be showing slightly different on your computer monitor since monitors are not calibrated same. ● Product's size made for manual measurement,  1-2CM error belongs to the normal range.


"
https://www.amazon.com/Network-300Mbps-Bluetooth-Wireless-Desktop/dp/B07YPGP6J4/ref=sr_1_9302?_encoding=UTF8&c=ts&dchild=1&keywords=Computer+Network+Adapters&qid=1624455111&s=pc&sr=1-9302&ts_id=490499011,Networking,Dual Band 2.4G/5Ghz AR5B22 Network 300Mbps Bluetooth 4.0 WiFi Mini PCI-E Wireless Card for Desktop with Mini PCI-E Board,https://m.media-amazon.com/images/I/61rC5W4jowL._AC_UY1500_.jpg, ASHATA," 100% Brand new and high quality.
Its wireless transmission rate can reach up to 300Mbps.
It is a half mini PCI-E card, fit for laptops with mini PCI-E mainboard.
It has dual band, 2.4Ghz and 5Ghz.
It provides an excellent solution for your daily online activities such as transferring files, browsing the Internet, and downloading music.","
Specifications:
Material: PCB

Mode: atheros AR5B22
300M Dual-Band(2.4g/5g)+Bluetooth 4.0
Network Protocol: Support for 802.11a/b/g/n
Transmission Rate: 300Mpbs

Frequency Band: 2.4GHz/5GHz

System: For WIN 7，WIN 8，WIN 10,etc

Interface Type: mini PCI-E
Size Specification:Half Height
This Card Can be Used as a Killer Card.
Half-Height Card Height: Approx. 2.6cm/1.02in
Half-Height Card Width: Approx. 3cm/1.2in
Compatible: For ASUS, for M5G Z77, for Gigabyte, for ASRock Z77 Desktop Motherboard With MINI PCI-E Specification, for DELL, for Toshiba, for ASUS and other Brand New Notebook Models Can be Used.
Fitment: Suitable for laptops, desktops, all-in-ones, small cases, advertising players and other devices with the same interface
Weight: Approx. 5g


Package Include:
1 x Card


Note:
1. Not compatible for Lenovo, for HP(whitelisting is required).
2. A high card slot computer needs to add a full-height iron plate.
3. For Acer R7-571G series uses the driver automatically recognized by the system, so there is no need to update the latest driver.

"
https://www.amazon.com/Alomejor-Speeds-Dual-Band-Wireless-Bluetooth/dp/B07XZB1477/ref=sr_1_9304?_encoding=UTF8&c=ts&dchild=1&keywords=Computer+Network+Adapters&qid=1624455111&s=pc&sr=1-9304&ts_id=490499011,Networking,Alomejor High Speeds 2.4G + 5G Dual-Band Wireless WiFi Card Bluetooth 5.0 for NGFF M.2 PC/Laptop,https://m.media-amazon.com/images/I/61YTadfN0bL._AC_UY1500_.jpg, Alomejor," Professional wireless WIFI card with Bluetooth 5.0, strong and stable signal receiving, allows you an incredible experience in online surfing experience.
Widely compatible for most PC/ laptops/ All-in-One machine/ AD player with NGFF M.2 slot.
2.4 GHz + 5 GHz dual-band wireless technology, support wireless protocol IEEE 802.11a/b/g/n/ac.
Provides up to 1.73Gbps transmission rate, ensures fast network speed and wide coverage.
High-quality circuit module board with mini body, efficiently avoid from corrosion and abrasion, durable and portable to use.","
Description:
This is a professional wireless networking adapter with great performance. Support 2.4G + 5G dual-band wireless technology, up to 1.73Gbps transmission rate, provides you an incredible experience in playing online games, and enjoying HD videos.

Specifications:
Bluetooth Version: V5.0
Interface Type: NGFF M.2
Compatibility: For most PC/ laptops/ All-in-One machine/ AD player with NGFF M.2 slot.
(NOT support for Le novo.)
Support OS: Linux/ Chrome/ Window 10
Wireless Frequency: 2.4G/ 5G
WIFI Protocol: IEEE 802.11a/b/g/n/ac
Transmission Rate: 1.73Gbps (Maxium)
Operated Temperature: 0°C ~ 80°C
Size: Approx. 30 x 22 x 2.2mm / 1.2 * 0.9 * 0.1in
Package Weight: 3.9g

Package List:
1 * WIFI Card

"
https://www.amazon.com/Alinory-Wireless-Bluetooth-Receiver-Transmitters/dp/B07XQ248MR/ref=sr_1_9305?_encoding=UTF8&c=ts&dchild=1&keywords=Computer+Network+Adapters&qid=1624455111&s=pc&sr=1-9305&ts_id=490499011,Networking,"Alinory USB 4.0 Adapter Wireless,Mini USB 4.0 Bluetooth Adapter/Dongle Receiver and Transmitters for Work with PS4",https://m.media-amazon.com/images/I/51GXSy8rNsL._AC_UY1500_.jpg, Alinory," A Revolutionary Product work with PS4- PS4 Bluetooth Dongle (Latest Version).
The Bluetooth Dongle was upgraded to the latest version with stable performance.
The Bluetooth Dongle is an USB adapter that will connect to ANY Bluetooth audio device when you plug into for work with PS4 USB slot.
Made of high quality material, durable.
Mini and lightweight, convenient to take along.","
Features: 1. A Revolutionary Product compatible with PS4- PS4 Bluetooth Dongle (Latest Version). 2. The Bluetooth Dongle was upgraded to the latest version with stable performance. 3. The Bluetooth Dongle is an USB adapter that will connect to ANY Bluetooth audio device when you plug into the PS4 USB slot. 4. Made of high quality material, durable. 5. Mini and lightweight, convenient to take along. 6. USB 5V powered, power on and then the Bluetooth will be activated automatically. 7. Supports A2DP, HFP (A2DP: the PC player to send music to the Bluetooth headset. Audio format: 44.1K sampling, dual channel, 16bits bit width. HFP: Bluetooth headset voice intercom. Audio format: 8K sampling, monaural, 16bits ).  Instructions of Use: Turn on the game controller, insert the dongle into the USB ports. Press the dongle button 2 seconds, the LED indicator starts flashing slowly, which means dongle entering the pairing mode. Turn on your Bluetooth headset and pair it. The LED indicator will turn blue when connecting successful. The Bluetooth headsets and the Bluetooth dongle will automatically pair in the next time you use.  Specifications: Standard: Bluetooth 4.0 HCI Interface: USB2.0 Transmission Range: 10M Connection: Piconet / Scatternet Support Bluetooth Profile: A2DP, HFP, HSP Output Power: 0 ~ + 4dBm Receiving Sensitivity: ~ 75dB Frequency Band: 2.4G ISM band Audio Codec: 16bit codec Working Voltage: 5V Color: Black Package Weight: 23g Size of the Transmitter: 3.5 * 2.0cm / 1.38 * 0.79 inch Length of the Receiver: 1.10 inch  Package Included: 1 x Bluetooth Dongle USB Adapter for PS4



"
https://www.amazon.com/Module-Wireless-Dual-Band-Bluetooth-Laptop/dp/B07X3P7KX6/ref=sr_1_9307?_encoding=UTF8&c=ts&dchild=1&keywords=Computer+Network+Adapters&qid=1624455111&s=pc&sr=1-9307&ts_id=490499011,Networking,"WiFi Module Wireless Card, High Speed 2.4G + 5G Dual-Band Wireless WiFi Card Bluetooth 5.0 for NGFF M.2 PC/Laptop for Gaming",https://m.media-amazon.com/images/I/61YTadfN0bL._AC_UY1500_.jpg, Wendry," Professional wireless WIFI card with Bluetooth 5.0, strong and stable signal receiving, allows you an incredible experience in online surfing experience.
Widely compatible for most PC/ laptops/ All-in-One machine/ AD player with NGFF M.2 slot.
2.4 GHz + 5 GHz dual-band wireless technology, support wireless protocol IEEE 802.11a/b/g/n/ac.
Provides up to 1.73Gbps transmission rate, ensures fast network speed and wide coverage.
High-quality circuit module board with mini body, efficiently avoid from corrosion and abrasion, durable and portable to use.","
Description: This is a professional wireless networking adapter with great performance. Support 2.4G + 5G dual-band wireless technology, up to 1.73Gbps transmission rate, provides you an incredible experience in playing online games, and enjoying HD videos.  Features: Professional wireless WIFI card with Bluetooth 5.0, strong and stable signal receiving, allows you an incredible experience in online surfing experience. Widely compatible for most PC/ laptops/ All-in-One machine/ AD player with NGFF M.2 slot. 2.4 GHz + 5 GHz dual-band wireless technology, support wireless protocol IEEE 802.11a/b/g/n/ac. Provides up to 1.73Gbps transmission rate, ensures fast network speed and wide coverage. High-quality circuit module board with mini body, efficiently avoid from corrosion and abrasion, durable and portable to use.  Specifications: Bluetooth Version: V5.0 Interface Type: NGFF M.2 Compatibility: For most PC/ laptops/ All-in-One machine/ AD player with NGFF M.2 slot. (NOT support for Lenovo.) Support OS: Linux/ Chrome/ Windows 10 Wireless Frequency: 2.4G/ 5G WIFI Protocol: IEEE 802.11a/b/g/n/ac Transmission Rate: 1.73Gbps (Max.) Operated Temperature: 0°C ~ 80°C Size: Approx. 30 x 22 x 2.2mm / 1.2 * 0.9 * 0.1in Package Weight: 3.9g  Package List: 1 * WIFI Card

"
https://www.amazon.com/Bluetooth-Serial-Adapter-Module-Wireless/dp/B07X32LP9Y/ref=sr_1_9308?_encoding=UTF8&c=ts&dchild=1&keywords=Computer+Network+Adapters&qid=1624455111&s=pc&sr=1-9308&ts_id=490499011,Networking,Bluetooth Serial Adapter BC-04 Bluetooth Serial Port Module 5v Mini USB Wireless Serial Port RS232,https://m.media-amazon.com/images/I/61TXJQOBIIL._AC_UY1500_.jpg, Wal front," OBJECTS USED: This product is embedded within the Bluetooth communication protocol, no need to install the driver, can be used on for Windows systems, also for DOS, Linux and other non-graphical operating systems.
CSR BLUETOOTH CHIP: Adopt CSR Bluetooth chip that supports Bluetooth 2.1 standard. Enhanced BER error rate performance and automatic frequency hopping technology ensure efficient and safe communication, and have stronger anti-interference ability to ensure communication stability and reliability.
SUPPORT BLUETOOTH SERIAL PORT PROFILES: It can connect and communicate with Bluetooth-enabled laptops, desktop computers with Bluetooth adapters, handheld Bluetooth PDA, Bluetooth GPS and other devices that support Bluetooth SPP services.
POWER SUPPLY:RS232 serial Bluetooth adapter needs to supply power to the adapter through the MiniUSB interface on the adapter.
WIRELESS TRANSMISSION:Transmission power conforms to the Bluetooth Class2 standard, and built-in high-sensitivity PCB printed antenna has a stable communication distance of up to 15 meters and can transmit wireless data through the wall.","
Specification:
Executive Standard: Bluetooth SIG v2.1+EDR
Bluetooth Protocol: Bluetooth serial port profile (SPP)
Interface: RS232
Communication Rate: 1200, 2400, 4800, 9600, 19200, 38400, 57600, 115200, 230400, 460800, 921600, 1382400bps
Modulation Mode: 2.4G ISM direct sequence frequency hopping (FHSS)
Communication Distance: Open space 15 meters, Class 2
Transmit Power: 4 dBm
Accept Sensitivity: -79dBm
Working Voltage: 5V
Operating Current / Sleep Current: 40mA / 1.6mA (typical)
Working / Storage Temperature: -10~50℃ / -20~80℃

"
https://www.amazon.com/Lazmin-Wireless-Bluetooth-Transmitters-Playstation/dp/B07VTTY2P2/ref=sr_1_9309?_encoding=UTF8&c=ts&dchild=1&keywords=Computer+Network+Adapters&qid=1624455111&s=pc&sr=1-9309&ts_id=490499011,Networking,"Lazmin Mini Wireless Bluetooth USB 4.0 Bluetooth Adapter Dongle Receiver and Transmitters, for PS4 Playstation",https://m.media-amazon.com/images/I/51GXSy8rNsL._AC_UY1500_.jpg, Lazmin," A Revolutionary Product for PS4- PS4 Bluetooth Dongle (Latest Version).
The Bluetooth Dongle was upgraded to the latest version with stable performance.
The Bluetooth Dongle is an USB adapter that will connect to ANY Bluetooth audio device when you plug into for PS4 USB slot.
Made of high quality material, durable.
Mini and lightweight, convenient to take along.","
Description:
The host audio signal can be sent to the Bluetooth terminal device by USB Bluetooth adapter in case of host supporting USB Auido. Insert for PS4 USB Bluetooth adapter, easily adjusted, you can use a Bluetooth headset to listen to the voice inside for PS4 game, and enjoy unfettered fun game. Therefore you can use your existing Bluetooth headset without having to buy a new expensive pair that work with for PS4. There is also a wireless microphone that will enable you to chat when you plug into the controller.
Instructions of Use:


Specifications:

Standard: Bluetooth 4.0
HCI Interface: USB2.0
Transmission Range: 10M
Connection: Piconet / Scatternet Support
Frequency Band: 2.4G ISM band
Working Voltage: 5V
Package Weight: 23g
Size of the Transmitter: 3.5*2.0cm / 1.38*0.79 inch
Length of the Receiver: 1.10 inch

Package Included:
1 x Bluetooth Dongle USB Adapter for PS4


"
https://www.amazon.com/Adapter-Multi-Functional-Lightweight-Repeater-Support/dp/B07TVNV54V/ref=sr_1_9313?_encoding=UTF8&c=ts&dchild=1&keywords=Computer+Network+Adapters&qid=1624455116&s=pc&sr=1-9313&ts_id=490499011,Networking,WiFi Router Adapter Multi-Functional Lightweight WiFi Repeater Signal Boost Adapter Audio USB Adapter Support Systems for iOS/Android/Windows/MAC,https://m.media-amazon.com/images/I/51D+4rivfBL._AC_UY1500_.jpg, Zopsc," Mainly applied for conversion from small screen to large screen.
Suitable for mobile phones and tablets for Android/IOS and laptops for windows/mac, etc.
Made of high quality ABS material: More durable.
Wide compatibility: Support systems for IOS / Android / Windows / MAC.
Small size and light weight: Convenient to use and portable.","
Specifications:
Material: ABS
Color: Black
support system:
For IOS: For IOS7 or above, For iPhone 4+ /ipad2+ /ipod4+
For Android: For Android 4.2 with 1GB memory model
For Windows: For windows8.1+
For MAC: For MAC 10.8

Package List:
1 * Adapter
1 * Audio cable
1 * USB cable
1 * Instruction manual


"
https://www.amazon.com/HP-8260-IEEE-802-11ac-Bluetooth/dp/B07S9TM6YL/ref=sr_1_9319?_encoding=UTF8&c=ts&dchild=1&keywords=Computer+Network+Adapters&qid=1624455116&s=pc&sr=1-9319&ts_id=490499011,Networking,HP 8260 IEEE 802.11ac Bluetooth 4.2 - Wi-Fi/Bluetooth Combo Adapter for Workstation (Renewed),https://m.media-amazon.com/images/I/41p8mtqcSKL._AC_UY1500_.jpg,Is Discontinued By No, Primary Information Product Type: PCIe Adapter Card Form Factor: TBD Network / Interface Type: TBD Data Transfer Rate: TBD Data Link Protocol: Bluetooth; IEEE 802.11 a/b/g/n/ac Connectivity Technology: TBD| UNSPSC Code UNSPSC Code: 43201404,
https://www.amazon.com/Pomya-Networking-Bluetooth-Dual-Band-Technology/dp/B07RY1FZ5T/ref=sr_1_9321?_encoding=UTF8&c=ts&dchild=1&keywords=Computer+Network+Adapters&qid=1624455116&s=pc&sr=1-9321&ts_id=490499011,Networking,Pomya WiFi Wireless NGFF/ M2 Card Wireless Networking Adapte with Bluetooth 4.2 Standard and 2.4G + 5G Dual-Band Wireless Technology for PC/Laptop,https://m.media-amazon.com/images/I/61aEZF8+zKL._AC_UY1500_.jpg, Pomya," Professional Bluetooth 4.2 and Wireless WIFI 2 in 1 design.
Widely compatible for most laptops that with NGFF/ M2 slot and PC with M.2 mainboard.
Up to 867Mbps transmission rate ensures fast network speed and wide coverage.
2.4 GHz + 5 GHz dual-band wireless technology, support wireless protocol 802.11 A/ C.
High-quality circuit module board with mini body, efficiently avoid from corrosion and abrasion, durable and portable to use.","

"
https://www.amazon.com/Bewinner-Bluetooth-Adapter-Playstation-Headset/dp/B07PNNBG3B/ref=sr_1_9329?_encoding=UTF8&c=ts&dchild=1&keywords=Computer+Network+Adapters&qid=1624455116&s=pc&sr=1-9329&ts_id=490499011,Networking,"Bewinner Mini USB Bluetooth Adapter for Playstation 4, Bluetooth 4.0 USB, for USB Headset Auido PS4",https://m.media-amazon.com/images/I/51GXSy8rNsL._AC_UY1500_.jpg, Bewinner,"A Revolutionary Product for PS4- PS4 Bluetooth Dongle (Latest Version).
The Bluetooth Dongle was upgraded to the latest version with stable performance.
The Bluetooth Dongle is an USB adapter that will connect to ANY Bluetooth audio device when you plug into for PS4 USB slot.
Made of high quality material, durable.USB 5V powered, power on and then the Bluetooth will be activated automatically.
Mini and lightweight, convenient to take along.Supports A2DP, HFP (A2DP: the PC player to send music to the Bluetooth headset. Audio format: 44.1K sampling, dual channel, bit width 16bits. HFP: Bluetooth headset voice intercom. Audio format: 8K sampling, monaural, 16bits).","
Instructions of Use:Turn on the game controller, insert the dongle into the USB ports. Press the dongle button 2 seconds, the LED indicator starts flashing slowly, which means dongle entering the pairing mode. Turn on your Bluetooth headset and pair it. The LED indicator will turn blue when connecting successful. The Bluetooth headsets and the Bluetooth dongle will automatically pair in the next time you use.   Specifications: Standard: Bluetooth 4.0 HCI Interface: USB2.0 Transmission Range: 10M Connection: Piconet / Scatternet Support Bluetooth Profile: A2DP, HFP, HSP Output Power: 0~+4dBm Receiving Sensitivity: ~75dB Frequency Band: 2.4G ISM band Audio Codec: 16bit codec Working Voltage: 5V Color: Black Package Weight: 23g Size of the Transmitter: 3.5*2.0cm / 1.38*0.79 inch Length of the Receiver: 1.10 inch  Package Included: 1 x Bluetooth Dongle USB Adapter for PS4  Note:Question: you can't listen to the music when using, only connect the auxiliary cable with the controller, it just appears the sound not music .
Solution: you can set at host audio and turn the ""off ""into ""on"", then you can listen to the background music.  Question 1.Why it doesnt work? Solution: This product is presently not suitable for Sony . Question 2.It cannot connect to any earphones. Solution: Open the host for PS4 and plug the adapter into the USB port.Press the button of the adapter 2 seconds, the LED indicator light began to slow flash into pairing mode, turn on your bluetooth headset and matching it.When the LED lamp is blue means to connect successful, the next time when using the bluetooth headset can be automatically connected to the adapter.


"
https://www.amazon.com/Mugast-Ethernet-High-Speed-Transmission-Required/dp/B07PG9WPBD/ref=sr_1_9330?_encoding=UTF8&c=ts&dchild=1&keywords=Computer+Network+Adapters&qid=1624455116&s=pc&sr=1-9330&ts_id=490499011,Networking,"Mugast USB 3.0 to RJ45 Adapter, Wired Gigabit Ethernet Adapter for OS X, 1G High-Speed Transmission, No Drivers Required, No Need CD Disk",https://m.media-amazon.com/images/I/51onYY+uwJL._AC_UY1500_.jpg, Mugast," USB3.0 and 1G high-speed transmission
No drivers required, no need CD disk
Fully compatible with USB2.0 / 1.1 10M / 100M
High quality black housing. Durable, beautiful and fashion. Compact shape, easy to use and take.
Support for windows /for VISTA/for WIN7/for win8/for win8.1/for OS 10.12 Above / for IOS operating system.","
Description:
The USB 3.0 to Gigabit Ethernet Adapter is specifically designed to provide network capabilities to the older computers or new thin notebooks without an Ethernet port. Instantly add network connectivity to a computer with USB 3.0 for extremely fast file transfers or streaming downloads.

Specifications:
Device Type: USB RJ45 Lan Ethernet network Adapter
Output interface: USB3.0
Input interface: RJ45
Color: black
Cable Length:Approx. 27.5cm / 10.83inch
Size:Approx. 8.3 x 3.1cm / 3.27 x 1.22inch

Package Included:
1 x USB 3.0 to RJ45 network Adapter

"
https://www.amazon.com/Bluetooth-150Mbps-Wireless-Protocol-Suitable/dp/B07PG9VYLP/ref=sr_1_9331?_encoding=UTF8&c=ts&dchild=1&keywords=Computer+Network+Adapters&qid=1624455116&s=pc&sr=1-9331&ts_id=490499011,Networking,"Bluetooth WiFi Card, 2.4G 150Mbps Wireless WiFi Card with NGFF M2 Slot, Support Wireless Protocol 802.11 B/G/N, Suitable for Most PC/Laptops",https://m.media-amazon.com/images/I/71z4rVxBB8L._AC_UY1500_.jpg, Mugast," Suitable for most PC/ laptops with NGFF M2 slot, such as for Dell/ Toshiba/ Acer/ Asus/ Hasee, etc.
Professional Bluetooth and WIFI Wireless 2 in 1 design.
Support Bluetooth 4.0 standard, also compatible with previous standard.
Wireless protocol support 802.11 B/ G/ N, up to 150 Mbps transmission rate, ensures fast network speed and wide coverage.
Support for Windows 7/ for Windows 8/for Windows 8.1/ for Windows 10 system.","
Description:
This is a high-performance wireless networking adapter. Bluetooth and WIFI wireless 2 in 1 technology, up to150 Mbps transmission rate, provides you an incredible experience in playing online games, and enjoying HD videos.

Specifications:
Compatibility: For most PC/ laptops with NGFF M2 slot, such as for Dell/ Toshiba/ Acer/ Asus/ Hasee, etc.
Wireless: 2.4G, Support 802.11 B/ G/ N
Interface Type: NGFF M2
Transmission Rate: 150 Mbps
Support System:for Win7/ for Win 8/ for Win 8.1/ for Win 10
Size: Approx. 30 * 23mm
Weight: 5g

Package List:
1 * Mini Bluetooth WIFI 2 in 1 Card

"
https://www.amazon.com/Bewinner-2-4G-Bluetooth-WiFi-Wireless/dp/B07P961BD6/ref=sr_1_9333?_encoding=UTF8&c=ts&dchild=1&keywords=Computer+Network+Adapters&qid=1624455116&s=pc&sr=1-9333&ts_id=490499011,Networking,"Bewinner 2.4G Bluetooth WiFi Wireless Card - Bluetooth and WiFi Wireless 2 in 1Network Card - 150 Mbps Transmission Rate,Suitable for Most PC/Laptops with NGFF M2 Slot",https://m.media-amazon.com/images/I/61oaO2WARlL._AC_UY1500_.jpg, Bewinner," Suitable for most PC/ laptops with NGFF M2 slot, such as for Dell/ Toshiba/ Acer/ Asus/ Hasee, etc.
Professional Bluetooth and WIFI Wireless 2 in 1 design.
Support Bluetooth 4.0 standard, also compatible with previous standard.
Wireless protocol support 802.11 B/ G/ N, up to 150 Mbps transmission rate, ensures fast network speed and wide coverage.
Support Windows 7/ Windows 8/ Windows 8.1/ Windows 10 system.","
Description:
This is a high-performance wireless networking adapter. Bluetooth and WIFI wireless 2 in 1 technology, up to150 Mbps transmission rate, provides you an incredible experience in playing online games, and enjoying HD videos.

Features: Suitable for most PC/ laptops with NGFF M2 slot, such as for Dell/ Toshiba/ Acer/ Asus/ Hasee, etc. Professional Bluetooth and WIFI Wireless 2 in 1 design. Support Bluetooth 4.0 standard, also compatible with previous standard. Wireless protocol support 802.11 B/ G/ N, up to 150 Mbps transmission rate, ensures fast network speed and wide coverage. Support Windows 7/ Windows 8/ Windows 8.1/ Windows 10 system.

Specifications:
Compatibility: For most PC/ laptops with NGFF M2 slot, such as for Dell/ Toshiba/ Acer/ Asus/ Hasee, etc.
Wireless: 2.4G, Support 802.11 B/ G/ N
Interface Type: NGFF M2
Transmission Rate: 150 Mbps
Support System: Win7/ Win 8/ Win 8.1/ Win 10
Size: Approx. 30 * 23mm
Weight: 5g

Package List:
1 * Mini Bluetooth WIFI 2 in 1 Card

"
https://www.amazon.com/fosa-Professional-Laptops-Compatible-Support/dp/B07NMBN89Z/ref=sr_1_9334?_encoding=UTF8&c=ts&dchild=1&keywords=Computer+Network+Adapters&qid=1624455116&s=pc&sr=1-9334&ts_id=490499011,Networking,"fosa Professional 4G Mini Module LTE NGFF WWAN M.2 Card for Laptops Compatible with Win7/ Win8/ Blue, Support GNSS & A-GPS",https://m.media-amazon.com/images/I/61CoC40ctxL._AC_UY1500_.jpg,fosa," Especially suitable for high-throughput devices such as PDA, e-books, tablets, consumer electronics, or other mobile products.
WWAN M. 2 interface offers high performance for the user on LTE/DC-HSPA+ global coverage.
LTE technology provides data speeds up to 50 ~ 150 Mbps, so that to helps you achieve fast connection speeds adequate for video streaming and surfing.
GNSS and A-GPS function provides faster and more accurate positioning in difficult environments.
High-quality circuit module board with mini body, efficiently avoid from corrosion and abrasion, durable and portable to use.","
Description:
This Mini NGFF Card is an embedded module that can be integrated into laptops and other devices for 3G/ 4G mobile data applications. Up to 50 ~ 150 Mbps transmission rate, provides you an incredible experience in playing online games, and enjoying HD videos. An ideal platform for electronics and mobile devices.

Specifications:
Support Frequency Bands:
-LTE FDD (1, 3, 8, 9, 11, 18, 19, 21, 26)
-UMTS | DC-HSPA+ (1, 6, 8, 9, 11)
3GPP Protocol: Release 9
Data Throughput: LTE:
-Cat 4, DL 150 Mbps, UL 50 Mbps
-3G: DC-HSPA+ cat.24, 42Mbps
-3G: HSUPA cat.7, 11.5 Mbps
A-GPS/ A-Glonass Receiver: SUPL 1.0 & SUPL 2.0
IPC I/ F: USB-HS/ LPM
Applicable OS: Win7/ Win8/ Blue
Size: Approx. 30 x 42mm / 1.2 x 1.7in
Package Size: Approx. 8 * 5 * 1cm/ 3.1 * 2.0 * 0.4in
Package Weight: 7g

Package List:

"
https://www.amazon.com/Ethernet-Adapters-HomePlug-200Mbps-Network/dp/B07KC4X9TX/ref=sr_1_9339?_encoding=UTF8&c=ts&dchild=1&keywords=Computer+Network+Adapters&qid=1624455122&s=pc&sr=1-9339&ts_id=490499011,Networking,LoVing HoUSe HomePlug Wall Ethernet Adapters HomePlug 85Mbps Mini Network Starter Kit,https://m.media-amazon.com/images/I/61Z5Ej4pFNL._AC_UY1500_.jpg, LoVing HoUSe," As long as you use two power cats, you can achieve high-speed Internet access anywhere in your home close to the power outlet, without worrying about whether the network cable is long enough and whether signal attenuation will occur.
The use of power cats is similar to the offices of small and medium-sized enterprises, as well as duplex buildings purchased by individual users.",
https://www.amazon.com/Power-line-Carrier-Distance-Transceiver-Powerline/dp/B08SKH7TCD/ref=sr_1_9342?_encoding=UTF8&c=ts&dchild=1&keywords=Computer+Network+Adapters&qid=1624455122&s=pc&sr=1-9342&ts_id=490499011,Networking,Power-line Carrier Module Power Line Carrier Module Distance Power Line Transceiver Powerline Carrier Module Factory for Home,https://m.media-amazon.com/images/I/71PIdUxzYxL._AC_UY1500_.jpg, Germerse," Designed for on 220V AC, strong interference, strong attenuation and long distance required environment, reliable data transmission
A frame continuous send maximum length is 252 bytes or less, from 1 to 252 defined by the user, and the module will not send redundant data
KQ-130F is a single row 9-pin small size high-performance zero carrier data transceiver module
Suitable for meter reading, street light, intelligent household, fire fighting, building control and other applications that need power to send data
TVS diode protection against stroke, the PCB wiring and components selection are all designed for wide temperature and high voltage resistance","
Feature:
Receive Sensitivity: ≤1mV
Out-of-band Rejection Ability: ≥60dB
Band Width: ≤10 KHZ
Insulation Resistance: 500V≥500MΩ
Power Supply: DC +5V(receiving: ≤11mA; sending: ≤230mA)Frequency Insulation Withstand Voltage: AC to GND 3000V (1min test no breakdown, nor current leak)
Operating Temperature: -25℃~70℃
Operating Humidity: ≤90%
Size: 5.3*4.5*1cm/2.08*1.77*0.39in
Weight: 30g(approx.)

Wiring:
2P---AC: 220V neutral wire (or live wire)
3P---+5V: +5V sending power supply(210mA), if only receiving data, can be disconnected to reducing power consumption
5P---+5V: +5V working power supply 11mA


"
https://www.amazon.com/HEASEN-Wireless-Dual-Band-Ethernet-Receiver/dp/B07K2YQLZ6/ref=sr_1_9351?_encoding=UTF8&c=ts&dchild=1&keywords=Computer+Network+Adapters&qid=1624455122&s=pc&sr=1-9351&ts_id=490499011,Networking,HEASEN USB 2.0 600Mbps Wireless Adapter Dual-Band 2.4G+5Ghz LAN Ethernet Receiver 802.11b/g/n/ac with CD,https://m.media-amazon.com/images/I/61Q6svUKT3L._AC_UY1500_.jpg, HEASEN,,"USB 2.0 600Mbps Wireless Adapter Dual-band 2.4G+5Ghz Lan Ethernet Receiver 802.11b/g/n/ac With CD
"
https://www.amazon.com/fosa-Network-300Mbps-Bluetooth-Wireless/dp/B07J4Y4WWK/ref=sr_1_9352?_encoding=UTF8&c=ts&dchild=1&keywords=Computer+Network+Adapters&qid=1624455122&s=pc&sr=1-9352&ts_id=490499011,Networking,fosa Dual Band 2.4G/5Ghz AR5B22 Network 300Mbps Bluetooth 4.0 WiFi Mini PCI-E Wireless Card,https://m.media-amazon.com/images/I/61hZNP+aspL._AC_UY1500_.jpg,fosa," 100% Brand new and high quality.
Its wireless transmission rate can reach up to 300Mbps.
It is a half mini PCI-E card, fit for laptops with mini PCI-E mainboard.
It has dual band, 2.4Ghz and 5Ghz.
It provides an excellent solution for your daily online activities such as transferring files, browsing the Internet, and downloading music.","
Specifications:
Material: PCB
Mode: AR5B22
Transmission Rate: 300Mpbs
Interface: PCI-E
Dual Band: 2.4G/5Ghz
Size: 20 * 25 * 3mm / 0.8 * 1.0 * 0.3inch
Weight: Approx. 5g

Package Include:
1 x Card

"
https://www.amazon.com/fosa-EM7355-100Mbps-50Mbps-Wireless/dp/B07GFG7297/ref=sr_1_9353?_encoding=UTF8&c=ts&dchild=1&keywords=Computer+Network+Adapters&qid=1624455122&s=pc&sr=1-9353&ts_id=490499011,Networking,fosa EM7355 100Mbps + 50Mbps 4G LTE FDD NGFF M.2 Wireless Module Card for PC/Laptop,https://m.media-amazon.com/images/I/71XJzrFb+2L._AC_UY1500_.jpg,fosa," Enabling easier and more flexible design and integration into end devices, suitable for PC, laptop, Netbook, etc.
Support LTE-FDD standard, supports NGFF features to optimize performance, power consumption, help you to achieve fast connection speeds adequate for video streaming and surfing.
Widely support LET/ WCDMA/ GPRS/ EDGE standard, provide fast transmission and wide coverage.
Support multiple input and multiple output.
High-quality circuit module board with mini body, efficiently avoid from corrosion and abrasion, durable and portable to use.","
Description:
This Mini NGFF Card is an embedded module that can be integrated into PC, Netbook, laptops, and other devices for 4G mobile data applications. High transmission speed provides you an incredible experience in playing online games, and enjoying HD videos. An ideal platform for electronics and mobile devices.

Specifications:
Interface Type:NGFF
Download Speed:100Mbps
Upload Speed:50Mbps
Support Network Standard:LTE B17 AWS WCDMA 850/ 1900/ 2100/ 2600 MHz  GPRS / EDGE: 850/ 900/ 1800/ 1900 MHz
Support OS Windows/ Linux
Size:Approx. 42 x 30 x 2.3mm / 1.7 x 1.2 x 0.1in
Package Weight: 7g

Package List:
1 * 4G NGFF Module Card

"
https://www.amazon.com/Richer-R-Professional-Internal-Transmission-Coverage/dp/B07F8K6137/ref=sr_1_9356?_encoding=UTF8&c=ts&dchild=1&keywords=Computer+Network+Adapters&qid=1624455122&s=pc&sr=1-9356&ts_id=490499011,Networking,"Richer-R 4G Module Laptop, Professional Mini Internal 4G Module LTE-FDD NGFF WWAN M.2 Card with Fast Transmission and Wide Coverage for Laptop/Tablet",https://m.media-amazon.com/images/I/618jv0-IjjL._AC_UY1500_.jpg, Richer-R,,"
Description:
This Mini NGFF Card is an embedded module that can be integrated into laptops, tablets and other devices for 3G/ 4G mobile data applications. High transmission speed provides you an incredible experience in playing online games, and enjoying HD videos. An ideal platform for electronics and mobile devices.

Specifications:
Interface Type: NGFF M.2
Support Network Standard:
-LTE FDD: B1, B2, B3, B5, B7, B8, B20, B28
-DC-HSPA +/ HSPA +/ HSPA/ W-CDMA: B1, B2, B5, B8
Transmission Rate:
-EDGE: DL 236.8kbps / UL 236.8kbps
-WCDMA PS: DL 384 kbps / UL 384 kbps
-HSPA +: DL 21.6 Mbps / UL 5.76 Mbps
-DC-HSPA +: DL 42Mbps / UL 5.76 Mbps
-LTE FDD: DL 150 Mbps / UL 50 Mbps @ 20M Cat 4
Package Size: Approx. 6 * 4 * 1cm/ 2.4 * 1.6 * 0.4in
Package Weight: 6g

Package List:

"
https://www.amazon.com/Richer-R-Bluetooth-Dual-Band-Wireless-Laptops/dp/B07D2C1H2P/ref=sr_1_9360?_encoding=UTF8&c=ts&dchild=1&keywords=Computer+Network+Adapters&qid=1624455122&s=pc&sr=1-9360&ts_id=490499011,Networking,"Richer-R Mini Bluetooth WIFI Card, Bluetooth 4.0 + 2.4G/ 5G Dual-Band WIFI Wireless Mini NGFF/ M2 Card for Laptops/All-In-One Machine/AD Player/IPC that with NGFF/ M2 Slot.",https://m.media-amazon.com/images/I/61fw78BoQ4L._AC_UY1500_.jpg, Richer-R," Professional Bluetooth 4.0 and Wireless WIFI 2 in 1 design.
Widely compatible for most laptops/ All-In-One Machine/ AD Player/ IPC that with NGFF/ M2 slot.
Up to 300 Mbps transmission rate ensures fast network speed and wide coverage.
2.4 GHz + 5 GHz dual-band wireless technology, support wireless protocol 802.11 A/ C, also compatible with 802.11A/ B/ G/ N.
High-quality circuit module board with mini body, efficiently avoid from corrosion and abrasion, durable and portable to use.","
Description:
This is a professional wireless networking adapter with great performance. Support Bluetooth 4.0 standard and 2.4G + 5G dual-band wireless technology, up to 300 Mbps transmission rate provides you an incredible experience in playing online games, and enjoying HD videos.

Specifications:
Bluetooth: V4.0
Compatibility: For most laptops/ All-In-One Machine/ AD Player/ IPC that with NGFF/ M2 slot.
Wireless Frequency: 2.4GHz/ 5GHz
Support Protocol: 802.11 A/ C (Also compatible with 802. 11A/ B/ G/ N.)
Transmission Rate: 300Mbps
Interface Type: NGFF/ M2
Package Size: Approx. 8 * 5 * 1cm/ 3.0 * 2.0 * 0.4in
Package Weight: 4g

Package List:
1 * Bluetooth WIFI 2 in 1 Card

"
https://www.amazon.com/Richer-R-Wireless-100Mbps-Transmission-Coverage/dp/B07CMSCG9S/ref=sr_1_9362?_encoding=UTF8&c=ts&dchild=1&keywords=Computer+Network+Adapters&qid=1624455126&s=pc&sr=1-9362&ts_id=490499011,Networking,"Richer-R Wireless Module Card, 100Mbps + 50Mbps 4G LTE FDD NGFF M.2 Wireless Module Card Provide Fast Transmission and Wide Coverage Support LET/WCDMA/GPRS/EDGE for PC, Laptop, Netbook, etc.",https://m.media-amazon.com/images/I/71XJzrFb+2L._AC_UY1500_.jpg, Richer-R," Enabling easier and more flexible design and integration into end devices, suitable for PC, laptop, Netbook, etc.
Support LTE-FDD standard, supports NGFF features to optimize performance, power consumption, help you to achieve fast connection speeds adequate for video streaming and surfing.
Widely support LET/ WCDMA/ GPRS/ EDGE standard, provide fast transmission and wide coverage.
Support multiple input and multiple output.
High-quality circuit module board with mini body, efficiently avoid from corrosion and abrasion, durable and portable to use.","
Description:
This Mini NGFF Card is an embedded module that can be integrated into PC, Netbook, laptops, and other devices for 4G mobile data applications. High transmission speed provides you an incredible experience in playing online games, and enjoying HD videos. An ideal platform for electronics and mobile devices.

Specifications:
Interface Type
NGFF
Download Speed
100Mbps
Upload Speed
50Mbps
Support Network Standard
LTE
B17 AWS
WCDMA
850/ 1900/ 2100/ 2600 MHz
GPRS / EDGE
850/ 900/ 1800/ 1900 MHz
Support OS
Windows/ Linux
Size
Approx. 42 x 30 x 2.3mm / 1.7 x 1.2 x 0.1in
Package Weight
7g

Package List:
1 * 4G NGFF Module Card

"
https://www.amazon.com/Richer-R-Bluetooth-Intel-Transmission-Computer/dp/B07CM7W8YB/ref=sr_1_9363?_encoding=UTF8&c=ts&dchild=1&keywords=Computer+Network+Adapters&qid=1624455126&s=pc&sr=1-9363&ts_id=490499011,Networking,"Richer-R Bluetooth WIFI Card for Intel, Mini Bluetooth WIFI 2 in 1 Card with Up to 150 Mbps Transmission Rate for Intel/ATI/AMD PCI-E AGP Card Computer",https://m.media-amazon.com/images/I/71O9mBc6SWL._AC_UY1500_.jpg, Richer-R,,"

Specifications:
Compatibility: For Intel/ ATI/ AMD PCI-E AGP Card Computer. (Not suitable for Lenovo/ IBM/ SIS/ VIA stamen group computer.)
Bluetooth: V4.0
Wireless: 802.11 B/ G/ N
Interface: Mini PCI-E (2.5 x 3cm)
Transmission Rate: 150 Mbps
Weight: 2g

Package List:
1 * Mini Bluetooth WIFI 2 in 1 Card


"
https://www.amazon.com/Laptone-1200Mbps-Wireless-802-11ac-Antennas/dp/B07BT765VW/ref=sr_1_9364?_encoding=UTF8&c=ts&dchild=1&keywords=Computer+Network+Adapters&qid=1624455126&s=pc&sr=1-9364&ts_id=490499011,Networking,"Laptone 1200Mbps Wireless USB WiFi Adapter, USB WiFi Wireless USB Dual Band 2.4GHz/5.8GHz 867Mbps USB 3.0 802.11ac/b/g/n with High Gain Dual 5dBi Antennas for Windows XP/7/8/10,MAC,OSX/Linux",https://m.media-amazon.com/images/I/415FySZ6ufL._AC_UY1500_.jpg, Laptone," Easy to use: Works with any Wi-Fi routers, once you've installed the CD and run the software, you can simply insert the adapter to get connected and upgrade your PC,run the CD driver,or download drive from the link below (Windows 10 is plug-and-play),then plug in the wifi adapter to get the connection and ready for use. Support smart AP switch function, easily share network resource.
Unbelievable wifi speed: You can get WIFI speed of 1200Mbps Up to 5.8GHz (867Mbps) and 2.4GHz (300Mbps) within a thousand feet even if sitting in courtyard. Excellent for online video streaming, gaming, high quality music and Facebook by using this wireless receiver
High Gain Antenna: The 5dbi detachable screw-on antenna makes best and stable connect signal, increased the signal receiving capacity and coverage, external powerful antenna you can free to watch HD video and play online games even if long distance or weak signal.
Portable Design: This WIFI Adapter with compact design makes it easy to carry, and you can enjoy fast surfing speed wherever with your PC
System compatibility: This WIFI dongle with USB 3.0 port supports Windows XP / Vista / 7/8/10 (32/64), or later, Mac OSX or later. Not suitable for linux system Make sure your device is compatible with this unit before purchasing the product","
This Product Comes with Free Online Technical Support & Laptone Lifetime Warranty
Dual Band AC1200Mbps Wifi Adapter  802.11AC - The latest and most powerful wifi technology. 1200Mbps Wi-Fi speeds to 5GHz (867Mbps) or 2.4GHz (300Mbps) bands. it is ideal for seamless HD streaming,online gaming and other bandwidth-intensive tasks.
Simple Plug-And-Play Setup Simply plug the adapter into your PC's USB port and your PC will automatically download the driver from the Microsoft Windows server. You also have the option of installing the driver from the included CD.
5dBi Dual Band Antenna. Dual Band AC1200Mbps Wifi Adapter 5dBi Adjustable antenna provides high performance and increased coverage for your wireless network.
Works With All Wi-Fi Routers Dual-band USB adapter is compatible with all Wi-Fi routers.Support Soft AP, share strong WiFi Signal

Flexibility Options Of 2.4/5.8g - Through walls and wide coverage in 2.4GHz - Fast transmission speed, good anti-interference ability in 5.8GHz
Specifications:
● 1200 (867+300)Mbps wireless high speed, Fast Configure 1200M AC Router ● Dual antenna,SMA external 5dBi antenna ● Flexibility options of 2.4/5.8G - Through walls and wide coverage in 2.4GHz - Fast transmission speed, good anti-interference ability in 5.8GHz ● Support USB 3.0, the transfer rate is 10 times faster than USB 2.0● Supports 2.4GHz + 5.8GHz dual frequency● Support None, WEP, WPA-PSK,WPA2-PSK (TKIP/AES)● Supports Windows XP / Vista / 7 / 8/10, Linux, MAC. ● Wireless Standard: Support 802.11ac, 802.11a/b/g/n compatibility
Package content : ● 1 x Wireless -AC USB 3.0 Adapter● 1 x CD driver● User Mannual

"
https://www.amazon.com/Avantree-Leaf-Aria-Podio-Cancelling/dp/B08K317WFS/ref=sr_1_9367?_encoding=UTF8&c=ts&dchild=1&keywords=Computer+Network+Adapters&qid=1624455126&s=pc&sr=1-9367&ts_id=490499011,Networking,Avantree Leaf & Aria Podio - Bluetooth USB Audio Adapter for PC Mac PS4 and aptX-HD Low Latency Bluetooth 5.0 Noise Cancelling Headphones with Boom Mic & Charging Stand,https://m.media-amazon.com/images/I/61TMvg0BC7L._AC_UY1500_.jpg,," 【BLUETOOTH STREAMING】 Add a BT sound device to your PC, laptop, Mac, PS4 or Switch. Stream audio to your speakers/headphones. (NB: 1. only for audio, not for mouse/keyboard/game controllers. 2. BT connects via the Leaf acting as a soundcard, not your PC.)
【NO MORE DELAY】 Featuring aptX Low Latency technology, leaf allows you to reduce Bluetooth delay - delivering high quality sound in perfect synchronization. Ideal for watching movies.
【HIGH DEFINITION AUDIO】Enjoy listening to your music at the highest Bluetooth wireless audible quality – aptX HD. High-resolution audio offers the best in sound performance, reproducing the quality of original studio master recordings in 24 bit CD format.
【DETACHABLE BOOM MIC】Voice quality can be enhanced with the included detachable, adjustable boom microphone to ensure impeccable voice quality on both ends of the call - perfect for professional phone calls.
【ACTIVE NOISE CANCELING】Designed for any environment, the Active Noise Canceling (ANC) technology reduces distracting low frequency background noise so you can enjoy listening to music and movies in peace – also allows for clear conversations during calls.",
https://www.amazon.com/HP-644161-B21-INFINIBAND-40GB-ADAPTER/dp/B01NBI97TV/ref=sr_1_9370?_encoding=UTF8&c=ts&dchild=1&keywords=Computer+Network+Adapters&qid=1624455126&s=pc&sr=1-9370&ts_id=490499011,Networking,HP 644161-B21 - 644161-B21 HP INFINIBAND FDR/EN 10/40GB DUAL PORT 544M ADAPTER,https://m.media-amazon.com/images/I/31RBRTyFbNL._AC_UY1500_.jpg,hp," Designed for HP ProLiant Gen8 blade servers, the HP InfiniBand FDR/Ethernet 10Gb/40Gb 2P 544M Adapter and HP InfiniBand QDR/Ethernet 10Gb 2P 544M Adapter are based on next-generation Mellanox Conne","
Designed for HP ProLiant Gen8 blade servers, the HP InfiniBand FDR/Ethernet 10Gb/40Gb 2P 544M Adapter and HP InfiniBand QDR/Ethernet 10Gb 2P 544M Adapter are based on next-generation Mellanox ConnectX-3 technology and PCI Express 3.0 for unprecedented scalability and fabric flexibility. They are new form factor, dual-ported mezzanine Host Channel Adapters (HCAs) for c-Class server blades, ideal for building scale out solutions. Both deliver low-latency InfiniBand bandwidth, up to 56 Gb/s Four
"
https://www.amazon.com/ASHATA-Router-Dongle-Hotspot-Portable/dp/B07QCPZKHD/ref=sr_1_9413?_encoding=UTF8&c=ts&dchild=1&keywords=Computer+Network+Adapters&qid=1624455136&s=pc&sr=1-9413&ts_id=490499011,Networking,"ASHATA LTE USB Router, 150 Mbps High Speed USB Dongle 4G Modem LTE Dongle Pocket WiFi Router Mobile Hotspot, Portable 4G LTE Surf Stick USB Flash Drive FDD B1 / B3 / B7 Tape with SD Card Slot White",https://m.media-amazon.com/images/I/41-RgCL1KFL._AC_UY1500_.jpg, ASHATA," LTE speed up to 150Mbps
DC-HSPA+ data service of up to 42 Mbps
HSUPA data service of up to 5.76 Mbps
Small SD Card Slot (up to 32GB)
External Antenna Slot,support External Antenna","
The E3372 is a USB data card that supports LTE FDD technology. Streamlined in shape, the E3372 incorporates LTE FDD technology while remaining compatible with UMTS / GSM / CDMA networks, automatically switching between different networks to ensure optimal internet connectivity. This is the world's first multi-mode data card that supports LTE FDD / UMTS / GSM / CDMA.

Features:

Specification:
Model: E3372h-607
Support frequency band:
4G: LTE Band 1/3/7/8/28/40 (FDD 700/900/1800/2100/2600 MHz, TDD 2300 MHz )
3G: WCDMA(UMTS) DC-HSPA+/HSPA+/HSPA/UMTS 900/2100MHz
2G: GSM/GPRS/EDGE 850/900/1800/1900MHz
Size: 88 * 28 * 11.5mm / 3.5 * 1.1 * 0.5in
Weight: 24 g / 0.8 oz(approx.)

Package list:
1 x 4G LTE USB WiFi Dongle


"
https://www.amazon.com/817721-B21-Ethernet-2-Port-535FLR-T-Adapter/dp/B075FLR56W/ref=sr_1_9419?_encoding=UTF8&c=ts&dchild=1&keywords=Computer+Network+Adapters&qid=1624455136&s=pc&sr=1-9419&ts_id=490499011,Networking,817721-B21¬† HP Ethernet 10Gb 2-Port 535FLR-T Adapter 0 Part Number(s),https://m.media-amazon.com/images/I/51wLdYs3Z-L._AC_UY1500_.jpg, HARTI,,"HP Ethernet 10Gb 2-Port 535FLR-T Adapter 0 Part Number(s)
"
https://www.amazon.com/Wendry-Receiver-Transmitter-Portable-Bluetooth/dp/B08291LX52/ref=sr_1_9426?_encoding=UTF8&c=ts&dchild=1&keywords=Computer+Network+Adapters&qid=1624455136&s=pc&sr=1-9426&ts_id=490499011,Networking,"Wendry Audio Receiver Transmitter,5V 2 in 1 Mini Portable Wireless Bluetooth 4.2 Audio Music Adapter USB Transmitter Receiver",https://m.media-amazon.com/images/I/6109IyMBfqL._AC_UY1500_.jpg, Wendry," This product is a Bluetooth device which integrates receiver and transmitter.
Wireless Bluetooth receiver transmitter, simple installation, no wiring, more simple and fast to use.
Connect TV and computer with audio cable without driving Bluetooth headset and Bluetooth speaker.
It can directly transmit the sound of TV, computer, notebook, TV box, MP3 to Bluetooth receiving device.
With USB 5V power supply, no need to worry about battery life, constant electricity, environmental protection and pollution-free.","
Feature:

Specification:
Condition: 100% Brand New Item Type: Receiver Transmitter Material: ABS Bluetooth Version :V4.2 Bluetooth Transmission Distance: Less Than 10m / 32.8ft Charging Port :Micro USB
Bluetooth Voice Processing: ''with A2DP function""
Working Mode: Receive/Transmit Size: Approx. 22x55mm / 0.9x2.2in

Package List:

"
https://www.amazon.com/Serial-Converter-Adapter-interface-FT232RL/dp/B01LZBHXC9/ref=sr_1_9429?_encoding=UTF8&c=ts&dchild=1&keywords=Computer+Network+Adapters&qid=1624455136&s=pc&sr=1-9429&ts_id=490499011,Networking,Mini USB 2.0 to TTL RS485 Serial Converter Adapter Interface FT232RL Module,https://m.media-amazon.com/images/I/618zSr4TxqL._AC_UY1500_.jpg, Generic," 100% Brand new and high quality
Standard: USB2.0 standard, backward compatible, in line with the standard RS485
Direction control: the use of automatic data flow control, auto distinguish and control data transfer direction
Baud :300-9216000bps, automatically detecting the serial signal data rate
Load capacity: support multipoint, each converter allows RS485 interface device to connect 32","
Description:
100% Brand new and high qualityStandard: USB2.0 standard, backward compatible, in line with the standard RS485Direction control: the use of automatic data flow control, auto distinguish and control data transfer directionBaud :300-9216000bps, automatically detecting the serial signal data rateLoad capacity: support multipoint, each converter allows RS485 interface device to connect 32Interface Protection: TVS tube protection, USB self-recovery protectionSupport Windows98/ME/2000/XP/WIN7/Vista, Linux, MacSupport devices with RS485 interface: surveillance cameras, video capture device, fingerprint attendance machine, PBX, CNC machine, microcontroller, etc.This converter provides two way serial communications signalConversion between the RS485To and from a personal computer USB portUsing virtual serial COM portSelf-powered from USBSize:Approx. 100*55*15mm
Package Includes:
1x USB to RS485 TTL Serial Converter Adapter FTDI interface FT232RL 75176 Module

"
https://www.amazon.com/USB-RS485-Converter-Adapter-Lite/dp/B01AEH65L6/ref=sr_1_9434?_encoding=UTF8&c=ts&dchild=1&keywords=Computer+Network+Adapters&qid=1624455141&s=pc&sr=1-9434&ts_id=490499011,Networking,USB to RS485 Converter Adapter 2P Lite,https://m.media-amazon.com/images/I/51zP-zK9TDL._AC_UY1500_.jpg, MDFLY, USB to RS485 Converter Adapter 2P Lite,"
USB to RS485 Converter Adapter.  2P A and B signals.

"
https://www.amazon.com/WALNEW-Surface-Sleeve-Ethernet-Adapter/dp/B08Z3TL8FQ/ref=sr_1_9448?_encoding=UTF8&c=ts&dchild=1&keywords=Computer+Network+Adapters&qid=1624455141&s=pc&sr=1-9448&ts_id=490499011,Networking,"WALNEW 13"" Surface Pro X Sleeve & USB C to Ethernet Adapter Bundle",https://m.media-amazon.com/images/I/61EQU4UrWfL._AC_UY1500_.jpg,," ⭐【BUNDLE INCLUDES】1pcs 13-inch Surface Pro X Sleeve & 1pcs USB C to Ethernet Adapter
⭐【13-inch Surface Pro X Sleeve Compatibility】This Protective Sleeve Cover is designed for 13-inch Surface Pro X released in 2019 ONLY. Please kindly confirm the model size before order.
⭐【13-inch Surface Pro X Sleeve Features】Stylish and secure Microfiber leather exterior offers exquisite texture, soft interior will not scratch your device, not only prevents exposure to the outside elements but assures that none of the internal components are damaged by this finely crafted notebook sleeve. The main Compartment for your 13 inch SURFACE PRO X with keyboard. Front Pocket for touch pen, cell phones or accessories like headphones and USB cables.
⭐【USB C to Ethernet Adapter Features】Plug and Play, no additional Software and Driver needed. Obtain an Ethernet data transfer rate of up to 1000Mbps networks and downward compatible with 100/10/1Mbps Ethernet networks. Compared to Wi-Fi, this adapter offers a faster, more stable and reliable network.
⭐【Stylish USB C Internet Ethernet Converter】Made of premium anti-fingerprints aluminum shell and braided nylon, this type-c Network Adapter is lightweight and portable to use at home/office/travelling.",
https://www.amazon.com/Open-Pluggable-Specification-Fusion-160GB/dp/B0053XPX1U/ref=sr_1_9460?_encoding=UTF8&c=ts&dchild=1&keywords=Computer+Network+Adapters&qid=1624455146&s=pc&sr=1-9460&ts_id=490499011,Networking,"Open Pluggable Specification (ops) Pc with 1.6 Ghz AMD Dual Core Fusion, 160GB H",https://m.media-amazon.com/images/I/41nmW+fgnuL._AC_UY1500_.jpg,," OPS PC WITH AMD DUAL CORE
›
See more product details","
Using NEC Display Solutions' built-in PC, all NEC's Public Displays showing an option slot can be equipped with a fully functional PC, all integrated into the display without cabling or external power supply.

"
https://www.amazon.com/Hilitand-Adapter-Wireless-Connection-Receiver/dp/B08XNPGBVG/ref=sr_1_9465?_encoding=UTF8&c=ts&dchild=1&keywords=Computer+Network+Adapters&qid=1624455146&s=pc&sr=1-9465&ts_id=490499011,Networking,Hilitand USB 5.0 Adapter Remote Wireless Connection 3.5mm and 2 Ports Music USB Stereo Receiver,https://m.media-amazon.com/images/I/61ZtRcD945L._AC_UY1500_.jpg,Hilitand," Support dual audio connection, with 3.5mm and 2RCA audio ports, suitable for more devices (including 3.5mm cable and 2RCA cable).
Support NFC, built‑in chip, you can directly connect with NFC mobile phone or other Bluetooth devices that support NFC by touching this receiver.
Support remote wireless connection, wireless Bluetooth adapter supports up to 15 meters/49 feet connection, can control long‑distance music playback.
With USB, 3.5mm and 2 connection options, you can enjoy music wirelessly on 2 speakers at the same time.
Bluetooth version 5.0, conforms to version 5.0 specifications, and is backward compatible with Bluetooth 4.2 / 4.1 / 4.0 / 3.0 / 2.0 / 1.0.","
Feature:

Spec:


Conditon: 100% Brand NewItem Type: Bluetooth ReceiverMaterial: ABSColor: As Pictures Shown
Model: BT200Frequency Response Range: 10HZ-20KHzSignal to Noise Ratio: >110dBDistortion+Noise: <0.02%Bluetooth Version: 5.0Interface: Stereo Analog / AUX 3.5MMBluetooth Name: BLS-B10Output Impedance: 75 ΩDecoder Chip: Bluetooth 5.0Effective Distance: Approx. 15 meters/49.2ftPerformance: HiFi levelSupport: A2DP/AVRCP



Package List:

1 x 3.5mm/0.1in Audio Cable
1 x Audio Cable
1 x Charging Cable
1 x Instruction



"
https://www.amazon.com/Konwertera-Klawiatury-Akcesoria-Regulowan%C4%85-Bluetooth/dp/B08XMCVJY6/ref=sr_1_9466?_encoding=UTF8&c=ts&dchild=1&keywords=Computer+Network+Adapters&qid=1624455146&s=pc&sr=1-9466&ts_id=490499011,Networking,"Adapter Konwertera myszy do Klawiatury do Gier Mobilne Akcesoria do Gier, z RegulowanƒÖ PodstawƒÖ,Obs≈ÇugƒÖ Bluetooth, bez Op√≥≈∫nie≈Ñ(Mix Pro Standard)",https://m.media-amazon.com/images/I/61jReDt6rzL._AC_UY1500_.jpg, Sutinna," ♦【WIDELY SUPPORT MOST GAMING DEVICES】 It has a wide range of applications and supports for iOS/Android operating systems.
♦【PLUG AND PLAY】Support Bluetooth, Bluetooth 4.0 connection, mobile game, connect and play, non‑emulator, no delay.
♦【GIVE YOU THE BEST GAMING EXPERIENCE】 Fast charging interface, supports output 5V/2000mA, USB2.0 interface high output safe power.. It supports charging while playing games, which makes it convenient and practical.
♦【ADJUSTABLE STAND】Comes with an adjustable stand, multi‑angle adjustable, free to choose a comfortable viewing angle.
♦【AFTER SALES SERVICE】If there are any using problems or unsatisfactory with our products, please feel free to contact us, our professional customer service team of Sutinna will consult the issues with sincerity. Thanks for purchasing from us.","
Specification:
Item Type: Gaming Keyboard Mouse Converter Material: ABS
Applicable System: For Android  / iOS Connection Method: Bluetooth 4.0 connection Power Supply: 4.8-5.2V

Package List:
1 x Phone Stand
1 x Data Cable
1 x Manual

"
https://www.amazon.com/Adapter-Supports-Interface-Significantly-Increase/dp/B08XGJGRQ6/ref=sr_1_9467?_encoding=UTF8&c=ts&dchild=1&keywords=Computer+Network+Adapters&qid=1624455146&s=pc&sr=1-9467&ts_id=490499011,Networking,"WiFi Card, Adapter Supports for 5, PCI‚ÄëE Interface, Significantly Increase User Speed",https://m.media-amazon.com/images/I/61NnOSBqk7L._AC_UY1500_.jpg,Hilitand," The AC 9260 adapter supports for Bluetooth 5 and 2x2 802.11ac Wi‑Fi, including second‑generation features, such as 160MHz channels.
PCI‑E interface, suitable for low power consumption and small size applications.
This adapter can provides rates up to 1.73Gbps and downlink MU‑MIMO.
Excellent for wireless technology can provide gigabit download speeds and significantly improve your connection experience at home, work or on the go.
It can significantly increase user speed in dense deployments, support fast downloads and extend battery life.","
Feature:

Specification:


Item Type: Wireless Network Card
Model: 9260ACChip: For Intel 9260AC ChipestFrequency Band: 2.4Ghz / 5GhzConnection Speed: 2.4G: 300Mbps. 5GHZ: Up to 1730MbpsSpeed up to 1730Mbps (router must be on 160Mhz)Support for MU-MIMOStandard IEEE: 802.11acUse for  Bluetooth 5.0Interference: PCIE-X1Operating System: Only supports for Microsoft/Windows 10,Only for Microsoft/Windows 10 64-bitCompatibility: A computer with a PCI-E (PCI-E X1 X4 X16 slot) interface. If it cannot run on PCI-E X1 slot, please test it on PCI-E X4 or X16 slot.Certain devices using for AMD Chipest motherboards are not supported.Driver Download: You can download the driver from for Intel website (Wireless-AC 9260).



Package List:
1 x Network Card
1 x for Bluetooth Cable
2 x Antenna
1 x Screw

Notice:


"
https://www.amazon.com/Gerioie-Real-Time-5-76Mbps-Wireless-Computers/dp/B08XC38TZP/ref=sr_1_9468?_encoding=UTF8&c=ts&dchild=1&keywords=Computer+Network+Adapters&qid=1624455146&s=pc&sr=1-9468&ts_id=490499011,Networking,"Gerioie WiFi Modem, Remote Real-Time Display Uplink 5.76Mbps Wireless Card, Downlink 14.4Mbps Hspa System for Notebook Computers Mobile Phones(Black)",https://m.media-amazon.com/images/I/51EzS2UMQAL._AC_UY1500_.jpg, Gerioie," Applicable to most WCDMA regions at home and abroad, widely used in notebook computers, mobile phones, tablets, automotive, video surveillance and other fields.
Send and receive text messages via web pages.
Plug and play, automatic dial-up Internet, automatically set up WIFI hotspots, no need to install drivers, fast dial-up Internet access.
The external power supply can establish a WIFI hotspot. The USB port of the car, mobile source and wall charging source adapter can be powered. It is so easy to go online.
8 wifi users + 1 usb dogle access, 9 users can access at the same time.","
Feature:



Spec:
Type
3GUFIRouter
Network Standard
WCDMA
HSPA+/HSUPA/HSDPA/WCDMA
GSM
EDGE/GPRS
Frequency
WCDMA
2100Mhz
GSM
850/900/1800/1900Mhz
Rate
HSPA
DL 14.4Mbps, UL 5.76Mbps
WiFi Standard WIFI
802.11b/g/n, 150Mbps

"
https://www.amazon.com/Wireless-Recevier-Bluetooth-Long%E2%80%91Distance-Automatic/dp/B08X4TSJK3/ref=sr_1_9472?_encoding=UTF8&c=ts&dchild=1&keywords=Computer+Network+Adapters&qid=1624455146&s=pc&sr=1-9472&ts_id=490499011,Networking,"Wireless NFC Recevier, Support NFC with USB USB Bluetooth Adapter, Long‚ÄëDistance 3.5mm AUX Automatic Durable for Music",https://m.media-amazon.com/images/I/615zscdiqZL._AC_UY1500_.jpg, Deryang," With USB, 3.5mm and 2 connection options, you can enjoy music wirelessly on 2 speakers at the same time.
Bluetooth version 5.0, conforms to version 5.0 specifications, and is backward compatible with Bluetooth 4.2 / 4.1 / 4.0 / 3.0 / 2.0 / 1.0.
Support remote wireless connection, wireless Bluetooth adapter supports up to 15 meters/49 feet connection, can control long‑distance music playback.
Support NFC, built‑in chip, you can directly connect with NFC mobile phone or other Bluetooth devices that support NFC by touching this receiver.
Support dual audio connection, with 3.5mm and 2RCA audio ports, suitable for more devices (including 3.5mm cable and 2RCA cable).","
Feature:

Specification:


Conditon: 100% Brand NewItem Type: Bluetooth ReceiverMaterial: ABSColor: As Pictures Shown
Model: BT200Frequency Response Range: 10HZ-20KHzSignal to Noise Ratio: >110dBDistortion+Noise: <0.02%Bluetooth Version: 5.0Interface: Stereo Analog / AUX 3.5MMBluetooth Name: BLS-B10Output Impedance: 75 ΩDecoder Chip: Bluetooth 5.0Effective Distance: Approx. 15 meters/49.2ftPerformance: HiFi levelSupport: A2DP/AVRCP



Package List:

1 x 3.5mm/0.1in Audio Cable
1 x Audio Cable
1 x Charging Cable
1 x Instruction



"
https://www.amazon.com/Gifts-Converter-Performance-Computer-Desktop/dp/B08X1Q8LRX/ref=sr_1_9473?_encoding=UTF8&c=ts&dchild=1&keywords=Computer+Network+Adapters&qid=1624455146&s=pc&sr=1-9473&ts_id=490499011,Networking,"May Gifts Converter Card, Mini Good Performance Converter, for Computer Desktop",https://m.media-amazon.com/images/I/61S9E+0z2RL._AC_UY1500_.jpg, Cuque," Easy to install, no driver is needed, but please make sure you have installed the software driver for the mini card.
The adapter is suitable for desktop/embedded systems and can convert 3G/4G/WiFi mini card to M.2 (NGFF) button A/E interface.
System requirements M.2 Key M 2242/60/80/110 type slot on the motherboard.
Support PCI‑E bus‑type small cards such as Wifi module, and also supportfor 2G GSM/GPRS/ 3G/CDMA/WLAN/WWLAN and other USB small cards.
Support SIM 6pin / 8pin card connector, no need for additional power supply, support for Win10 / 8/7/2000//OS X, etc.","
Feature:

Spec:


Item Type: Adapter Card
Support for Win10/8/7/2000// OS X etc.
System Requirements: M.2 Key M 2242/60/80/110 type slot on the motherboard
Size: Approx.31mm / 1.2in
110mm / 4.3in



Package List:
1 x Mini PCIE to M.2 A/E Adapter
1 x SIM Expansion Card Kit
1 x Screwdriver
2 x USB Cable
6 x Screw
1 x Connecting Piece


"
https://www.amazon.com/Asixxsix-Injector-Adapter-Business-Office/dp/B08WVMHQM3/ref=sr_1_9478?_encoding=UTF8&c=ts&dchild=1&keywords=Computer+Network+Adapters&qid=1624455146&s=pc&sr=1-9478&ts_id=490499011,Networking,"Asixxsix WiFi Injector, WiFi Adapter USB Adapter WiFi Tool, for Home Business Office",https://m.media-amazon.com/images/I/51sZYe8OIIL._AC_UY1500_.jpg, Asixxsix," Allows interactive commands and scripts to be executed on the target remotely
This device allows keystrokes to be sent via WiFi to a target machine
Small and compact, portable and easy to carry
WiFi Injector for Fun & Profit-An USB Rubberducky On Steroids
The target recognises the Ducky as both a standard keyboard and a serial port",
https://www.amazon.com/Hilitand-Wireless-Converter-Automatic-Connection/dp/B08WRPM1BS/ref=sr_1_9479?_encoding=UTF8&c=ts&dchild=1&keywords=Computer+Network+Adapters&qid=1624455146&s=pc&sr=1-9479&ts_id=490499011,Networking,"Hilitand Wireless Audio Adapter Converter Supports HFP, HSP, A2DP, AVRCP and SPP Automatic Search Memory Connection for/iOS System Phones Tablet PC",https://m.media-amazon.com/images/I/716yTCZ4ykL._AC_UY1500_.jpg,Hilitand," Support voice prompts. Integrated lithium battery charger, support 300mA fast charging and over discharge protection.
Support all audio equipment via audio input interface, to make wireless audio receiving and transmission.
Multipoint HFP and A2DP. Support AUX OUT, earphone. Automatic memory connected function, operation easier, more convenient.
Noise reduction and aftersound cancellation. Multi‑band equalizer configuration. Support packet loss concealment.
Support stereo encoder and decoder. Supports HFP, HSP, A2DP, AVRCP and SPP configuration files .","
Feature:

Spec:

Condition: 100% Brand NewItem Type: 2 In 1 Bluetooth Receiver Transmitter Adapter Material: ABSColor: BlackSupport Protocol：For A2DP/AVRCP/HFP/SPP HIDReceiving Working Current：≤43MATransmitting Working Current：≤60MAStandby Current：<18MABattery Type: Polymer BatteryBattery Capacity：600MAHCharging Current：300MAPlaying Time: > 8HBluetooth Distance：> 10MCharging Mode: Micro USB 5V / 0.5AOutput Connection：3.5MM Stereo Audio PortInput Connection：3.5MM Stereo Audio PortCompatibility: Compatible for Android/IOS System Phones Tablet PC All Bluetooth Audio DevicesWeight: Approx. 105g


Package List:
1 x 2 In 1 Bluetooth Receiver Transmitter Adapter
1 x 3.5mm Hole to for Audio Cable
1 x 3.5mm Hole to Hole Audio Cable
1 x Micro USB Power DC Cable
1 x User Manual


"
https://www.amazon.com/Fockety-Injector-Adapter-Business-Office/dp/B08WRJ5VK2/ref=sr_1_9480?_encoding=UTF8&c=ts&dchild=1&keywords=Computer+Network+Adapters&qid=1624455146&s=pc&sr=1-9480&ts_id=490499011,Networking,"Fockety WiFi Injector, USB Adapter White USB WiFi WiFi Tool, Small for Business Home Office",https://m.media-amazon.com/images/I/51sZYe8OIIL._AC_UY1500_.jpg, Fockety," WiFi Injector for Fun & Profit-An USB Rubberducky On Steroids
This device allows keystrokes to be sent via WiFi to a target machine
The target recognises the Ducky as both a standard keyboard and a serial port
Small and compact, portable and easy to carry
Allows interactive commands and scripts to be executed on the target remotely",
https://www.amazon.com/Fockety-Display-Wireless-Mirroring-Connecting/dp/B08WPWR49L/ref=sr_1_9481?_encoding=UTF8&c=ts&dchild=1&keywords=Computer+Network+Adapters&qid=1624455151&s=pc&sr=1-9481&ts_id=490499011,Networking,"Fockety WiFi Display Adapter, 2.4G 4K HDMI/USB WiFi Display Adapter,TV Wireless Dongle Screen Mirroring Device,USB WiFi Module and HD Connecting Cable",https://m.media-amazon.com/images/I/61nxqTKXcIL._AC_UY1500_.jpg, Fockety," 4K resolution image transmission, fast processing speed, to provide you with a perfect home theater experience.
Enjoy the media on the big screen in just 3 steps without any apps or drivers, support for video/audio/photo/office documents/website.
High‑performance wireless transmission, built‑in wifi module supports 2.4ghz ac600 high‑speed wifi and online off‑line content display location.
Support online update, it can update automatically if it is a new dongle server in for network modw.
Support for Windows/OS X/ Android/iOS device screen mirroring, convert the screen to conference tablets and projectors.","
Feature:
1. 4K resolution image transmission, fast processing speed, to provide you with a perfect home theater experience. 2. Enjoy the media on the big screen in just 3 steps without any apps or drivers, support for video/audio/photo/office documents/website. 3. High‑performance wireless transmission, built‑in wifi module supports 2.4ghz ac600 high‑speed wifi and online off‑line content display location. 4. Support online update, it can update automatically if it is a new dongle server in for network modw. 5. Support for Windows/OS X/ Android/iOS device screen mirroring, convert the screen to conference tablets and projectors.

Specification:
Item Type: Display Dongle
Material: ABS
Color: Black
Weight: Approx. 112.0g/4.0oz
Model: C23 (4K)
CPU: AM8272
Wireless Frequency: 2.4Ghz
Interface: HDMI/Micro USB

Package List:
1 x HD Connecting Cable
1 x USB WIFI Module
1 x Manual

"
https://www.amazon.com/Deryang-Wireless-Portable-Transmitters-Lightweight/dp/B08W8M2L3P/ref=sr_1_9484?_encoding=UTF8&c=ts&dchild=1&keywords=Computer+Network+Adapters&qid=1624455151&s=pc&sr=1-9484&ts_id=490499011,Networking,"Deryang Dongle Wireless Adapter, Portable Advanced Receiver Dongle Receiver and Transmitters, Mini Lightweight for",https://m.media-amazon.com/images/I/61gxwmT8plL._AC_UY1500_.jpg, Deryang," The for Bluetooth Dongle was upgraded to the latest version with stable performance.
Mini and lightweight, convenient to take along.
The for Bluetooth Dongle is an USB adapter that will connect to ANY for Bluetooth audio device when you plug into for PS4 USB slot.
A Revolutionary Product for PS4‑ PS4 for Bluetooth Dongle (Latest Version).
Made of high quality material, durable.","
Description:The host audio signal can be sent to the for Bluetooth terminal device by USB adapter in case of host supporting USB Auido. Insert for PS4 USB adapter, easily adjusted, you can use a for Bluetooth headset to listen to the voice inside for PS4 game, and enjoy unfettered fun game. Therefore you can use your existing for Bluetooth headset without having to buy a new expensive pair that work with for PS4. There is also a wireless microphone that will enable you to chat when you plug into the controller.Features:1. A Revolutionary Product for PS4- PS4 for Bluetooth Dongle (Latest Version).2. The for Bluetooth Dongle was upgraded to the latest version with stable performance.3. The for Bluetooth Dongle is an USB adapter that will connect to ANY audio device when you plug into for PS4 USB slot.4. Made of high quality material, durable.5. Mini and lightweight, convenient to take along.6. USB 5V powered, power on and then the for Bluetooth will be activated automatically.7. Supports A2DP, HFP (A2DP: the PC player to send music to thefor Bluetooth headset. Audio format: 44.1K sampling, dual channel, bit width 16bits. HFP: for Bluetooth headset voice intercom. Audio format: 8K sampling, monaural, 16bits).Instructions of Use:Turn on the game controller, insert the dongle into the USB ports. Press the dongle button 2 seconds, the LED indicator starts flashing slowly, which means dongle entering the pairing mode. Turn on your for Bluetooth headset and pair it. The LED indicator will turn blue when connecting successful. The for Bluetooth headsets and the forBluetooth dongle will automatically pa




"
https://www.amazon.com/Fockety-Real-Time-Surveillance-Computers-Automotive/dp/B08W5CH36Q/ref=sr_1_9485?_encoding=UTF8&c=ts&dchild=1&keywords=Computer+Network+Adapters&qid=1624455151&s=pc&sr=1-9485&ts_id=490499011,Networking,"Fockety WiFi Modem, Portable Hspa System Remote Real-Time Display Wireless Card, Video Surveillance for Notebook Computers Mobile Phones Tablets, Automotive(White)",https://m.media-amazon.com/images/I/514RpFpO+xL._AC_UY1500_.jpg, Fockety," The external power supply can establish a WIFI hotspot. The USB port of the car, mobile source and wall charging source adapter can be powered. It is so easy to go online.
Send and receive text messages via web pages.
Plug and play, automatic dial-up Internet, automatically set up WIFI hotspots, no need to install drivers, fast dial-up Internet access.
Applicable to most WCDMA regions at home and abroad, widely used in notebook computers, mobile phones, tablets, automotive, video surveillance and other fields.
8 wifi users + 1 usb dogle access, 9 users can access at the same time.","
Features:



Specification:
Type
3GUFIRouter
Network Standard
WCDMA
HSPA+/HSUPA/HSDPA/WCDMA
GSM
EDGE/GPRS
Frequency
WCDMA
2100Mhz
GSM
850/900/1800/1900Mhz
Rate
HSPA
DL 14.4Mbps, UL 5.76Mbps
WiFi Standard WIFI
802.11b/g/n, 150M

"
https://www.amazon.com/Socobeta-Universal-Bluetooth-Transmitter-Wireless/dp/B08W3HFC7H/ref=sr_1_9486?_encoding=UTF8&c=ts&dchild=1&keywords=Computer+Network+Adapters&qid=1624455151&s=pc&sr=1-9486&ts_id=490499011,Networking,Socobeta Universal Bluetooth Audio Transmitter PC Adapter Wireless Earphone Receiver for PS4/SLIM/PRO,https://m.media-amazon.com/images/I/6147lvrTI7L._AC_UY1500_.jpg, Socobeta," 【GOOD SOUND QUALITY】This USB bluetooth adapter can be connected to any bluetooth audio device after it is plugged into the host. There is no need to buy a bluetooth headset again and a wireless external speaker.
【LATEST VERSION】This Bluetooth adapter has been upgraded to the latest version, with stable performance and perfect compatibility, suitable for any Bluetooth headset.
【HIGH MATCHING DEGREE】This Bluetooth adapter has strong compatibility, high matching degree, professional and reasonable design, good sound quality, better gaming experience, and can bring you a high-quality experience.
【SMALL AND PORTABLE】This Bluetooth adapter is small in size, light in weight, easy to carry and store, easy to use, compact and portable, very suitable for outdoor carrying.
【RUGGED AND DURABLE】This Bluetooth adapter is made of high-quality plastic and metal materials. It is durable and has a long service life. You can choose with confidence.","
After this Bluetooth adapter is inserted into the host, it can be connected to any Bluetooth audio device without having to purchase a Bluetooth headset again, with wireless external speakers, higher sound quality and better gaming experience. It supports A2DP/HFP and has been upgraded to the latest version with stable performance. Perfect compatibility: suitable for any Bluetooth headset.  Feature: 【GOOD SOUND QUALITY】This USB bluetooth adapter can be connected to any bluetooth audio device after it is plugged into the host. There is no need to buy a bluetooth headset again and a wireless external speaker. 【LATEST VERSION】This Bluetooth adapter has been upgraded to the latest version, with stable performance and perfect compatibility, suitable for any Bluetooth headset. 【HIGH MATCHING DEGREE】This Bluetooth adapter has strong compatibility, high matching degree, professional and reasonable design, good sound quality, better gaming experience, and can bring you a high-quality experience.  Specification: Condition: 100% Brand New Item Type: Bluetooth Adapter Material: Plastic, Metal Color: As Pictures Shown Bluetooth Standard: Bluetooth 4.0 Bluetooth Protocol: A2DP,HSP,HFP USB Standard: USB 2.0 Output Power: 0 ~ +4dBm Receive Sensitivity: -75dB Bluetooth Level: class2 Transmission Distance: 10M Frequency Band: 2.4G ISM band Connection Type: for Piconet/Scatternet Support Weight: Approx. 21g  Package List: 1 x Transmitter 1 x Receiver 1 x Manual

"
https://www.amazon.com/banapoy-Wireless-Receiver-Transmitters-Portable/dp/B08VWCGZQQ/ref=sr_1_9489?_encoding=UTF8&c=ts&dchild=1&keywords=Computer+Network+Adapters&qid=1624455151&s=pc&sr=1-9489&ts_id=490499011,Networking,"banapoy Dongle Wireless Adapter, Mini Dongle Receiver and Transmitters, Portable Advanced Receiver for",https://m.media-amazon.com/images/I/61gxwmT8plL._AC_UY1500_.jpg, banapoy," Mini and lightweight, convenient to take along.
A Revolutionary Product for PS4‑ PS4 for Bluetooth Dongle (Latest Version).
The for Bluetooth Dongle is an USB adapter that will connect to ANY for Bluetooth audio device when you plug into for PS4 USB slot.
Made of high quality material, durable.
The for Bluetooth Dongle was upgraded to the latest version with stable performance.","
Description:The host audio signal can be sent to the for Bluetooth terminal device by USB adapter in case of host supporting USB Auido. Insert for PS4 USB adapter, easily adjusted, you can use a for Bluetooth headset to listen to the voice inside for PS4 game, and enjoy unfettered fun game. Therefore you can use your existing for Bluetooth headset without having to buy a new expensive pair that work with for PS4. There is also a wireless microphone that will enable you to chat when you plug into the controller.Features:1. A Revolutionary Product for PS4- PS4 for Bluetooth Dongle (Latest Version).2. The for Bluetooth Dongle was upgraded to the latest version with stable performance.3. The for Bluetooth Dongle is an USB adapter that will connect to ANY audio device when you plug into for PS4 USB slot.4. Made of high quality material, durable.5. Mini and lightweight, convenient to take along.6. USB 5V powered, power on and then the for Bluetooth will be activated automatically.7. Supports A2DP, HFP (A2DP: the PC player to send music to thefor Bluetooth headset. Audio format: 44.1K sampling, dual channel, bit width 16bits. HFP: for Bluetooth headset voice intercom. Audio format: 8K sampling, monaural, 16bits).Instructions of Use:Turn on the game controller, insert the dongle into the USB ports. Press the dongle button 2 seconds, the LED indicator starts flashing slowly, which means dongle entering the pairing mode. Turn on your for Bluetooth headset and pair it. The LED indicator will turn blue when connecting successful. The for Bluetooth headsets and the forBluetooth dongle will automatically pa




"
